rank,prev_rank,name,league,off,def,spi
1,1,Bayern Munich,German Bundesliga,3.41,0.38,93.97
2,2,Manchester City,Barclays Premier League,3.02,0.37,92.02
3,4,Barcelona,Spanish Primera Division,2.85,0.41,90.29
4,6,Paris Saint-Germain,French Ligue 1,2.99,0.5,89.87
5,5,Real Madrid,Spanish Primera Division,2.57,0.32,89.6
6,3,Liverpool,Barclays Premier League,2.84,0.5,88.81
7,7,Atletico Madrid,Spanish Primera Division,2.32,0.31,87.43
8,8,RB Leipzig,German Bundesliga,2.49,0.51,85.29
9,9,Borussia Dortmund,German Bundesliga,2.43,0.49,85.06
10,12,Chelsea,Barclays Premier League,2.49,0.55,84.52
11,11,Internazionale,Italy Serie A,2.62,0.65,84.03
12,13,Juventus,Italy Serie A,2.42,0.63,82.21
13,15,Sevilla FC,Spanish Primera Division,2.11,0.45,82.1
14,10,Manchester United,Barclays Premier League,2.38,0.64,81.34
15,22,Tottenham Hotspur,Barclays Premier League,2.33,0.62,81.3
16,17,Napoli,Italy Serie A,2.22,0.56,81.13
17,14,FC Salzburg,Austrian T-Mobile Bundesliga,2.93,1.01,81.08
18,19,AC Milan,Italy Serie A,2.26,0.61,80.64
19,18,Leicester City,Barclays Premier League,2.21,0.61,79.83
20,16,Atalanta,Italy Serie A,2.47,0.77,79.83
21,24,Real Sociedad,Spanish Primera Division,2.01,0.51,79.2
22,20,Arsenal,Barclays Premier League,2.16,0.64,78.56
23,21,Zenit St Petersburg,Russian Premier Liga,2.15,0.63,78.48
24,25,Bayer Leverkusen,German Bundesliga,2.15,0.64,78.27
25,29,Borussia Monchengladbach,German Bundesliga,2.2,0.71,77.57
26,27,Everton,Barclays Premier League,2.12,0.68,76.89
27,31,Lyon,French Ligue 1,1.98,0.61,76.63
28,30,Villarreal,Spanish Primera Division,2.1,0.71,75.98
29,28,FC Porto,Portuguese Liga,2.17,0.77,75.86
30,23,Wolverhampton,Barclays Premier League,1.85,0.55,75.81
31,26,Benfica,Portuguese Liga,2.23,0.83,75.3
32,34,AS Roma,Italy Serie A,2.14,0.78,75.26
33,32,Olympiacos,Greek Super League,2.05,0.71,75.22
34,33,Ajax,Dutch Eredivisie,2.37,0.96,74.68
35,35,Getafe,Spanish Primera Division,1.71,0.52,74.27
36,39,TSG Hoffenheim,German Bundesliga,2.3,0.95,73.71
37,52,West Ham United,Barclays Premier League,2.07,0.8,73.65
38,40,Real Betis,Spanish Primera Division,1.95,0.74,73.07
39,41,Eintracht Frankfurt,German Bundesliga,2.11,0.86,72.91
40,59,Aston Villa,Barclays Premier League,2.02,0.81,72.43
41,37,Lazio,Italy Serie A,2.05,0.84,72.35
42,42,Southampton,Barclays Premier League,1.93,0.75,72.31
43,38,VfL Wolfsburg,German Bundesliga,1.88,0.73,72.04
44,45,Lille,French Ligue 1,1.79,0.68,71.56
45,36,Granada,Spanish Primera Division,1.88,0.76,71.29
46,44,Brighton and Hove Albion,Barclays Premier League,1.93,0.83,70.38
47,48,Flamengo,Brasileiro Série A,1.96,0.86,70.3
48,49,Club Brugge,Belgian Jupiler League,1.99,0.88,70.29
49,46,Celta Vigo,Spanish Primera Division,1.73,0.69,70.03
50,47,Fiorentina,Italy Serie A,1.91,0.86,69.33
51,57,Celtic,Scottish Premiership,2.17,1.06,69.25
52,56,Hertha Berlin,German Bundesliga,2.0,0.95,68.94
53,58,Athletic Bilbao,Spanish Primera Division,1.68,0.72,68.51
54,50,Osasuna,Spanish Primera Division,1.75,0.78,68.41
55,54,Stade Rennes,French Ligue 1,1.75,0.78,68.28
56,55,Young Boys,Swiss Raiffeisen Super League,2.04,1.01,68.05
57,51,Burnley,Barclays Premier League,1.79,0.83,67.75
58,53,Crystal Palace,Barclays Premier League,1.73,0.79,67.68
59,60,Sheffield United,Barclays Premier League,1.66,0.75,67.39
60,61,CSKA Moscow,Russian Premier Liga,1.72,0.8,67.3
61,62,AS Monaco,French Ligue 1,1.92,0.96,67.16
62,66,Levante,Spanish Primera Division,1.88,0.93,67.09
63,64,Eibar,Spanish Primera Division,1.66,0.78,66.58
64,84,Leeds United,Barclays Premier League,1.85,0.96,65.87
65,69,Sassuolo,Italy Serie A,1.97,1.06,65.73
66,68,River Plate,Argentina Primera Division,1.74,0.88,65.48
67,82,SD Huesca,Spanish Primera Division,1.63,0.8,65.33
68,74,Newcastle,Barclays Premier League,1.73,0.89,65.22
69,65,Valencia,Spanish Primera Division,1.78,0.93,65.2
70,75,Cadiz,Spanish Primera Division,1.64,0.84,64.73
71,81,FC Augsburg,German Bundesliga,1.74,0.94,64.26
72,67,Palmeiras,Brasileiro Série A,1.59,0.81,64.24
73,72,Marseille,French Ligue 1,1.71,0.91,64.22
74,71,Real Valladolid,Spanish Primera Division,1.56,0.79,64.14
75,78,Werder Bremen,German Bundesliga,1.8,1.0,64.04
76,76,Grêmio,Brasileiro Série A,1.64,0.86,64.0
77,94,1. FC Union Berlin,German Bundesliga,1.72,0.93,63.99
78,86,AFC Bournemouth,English League Championship,1.81,1.01,63.85
79,85,VfB Stuttgart,German Bundesliga,1.77,0.99,63.54
80,89,Kawasaki Frontale,Japanese J League,2.06,1.24,63.4
81,80,SC Freiburg,German Bundesliga,1.86,1.07,63.37
82,83,Watford,English League Championship,1.67,0.92,63.24
83,77,FC Cologne,German Bundesliga,1.85,1.07,63.16
84,88,Alavés,Spanish Primera Division,1.6,0.87,62.91
85,73,FC Krasnodar,Russian Premier Liga,1.67,0.94,62.83
86,102,Lens,French Ligue 1,1.65,0.93,62.41
87,79,PSV,Dutch Eredivisie,1.87,1.12,62.39
88,97,Espanyol,Spanish Segunda Division,1.65,0.95,62.13
89,95,Spartak Moscow,Russian Premier Liga,1.57,0.89,61.92
90,90,Montpellier,French Ligue 1,1.66,0.97,61.91
91,93,Guangzhou Evergrande,Chinese Super League,1.87,1.15,61.79
92,98,Udinese,Italy Serie A,1.58,0.9,61.72
93,109,Sporting CP,Portuguese Liga,1.59,0.91,61.67
94,110,Braga,Portuguese Liga,1.77,1.07,61.48
95,115,Rangers,Scottish Premiership,1.72,1.04,61.31
96,92,Fulham,Barclays Premier League,1.67,1.02,60.7
97,101,PAOK Salonika,Greek Super League,1.46,0.85,60.44
98,112,Bordeaux,French Ligue 1,1.44,0.83,60.41
99,111,Lokomotiv Moscow,Russian Premier Liga,1.45,0.85,60.27
100,103,Boca Juniors,Argentina Primera Division,1.47,0.87,60.25
101,104,AEK Athens,Greek Super League,1.53,0.92,60.22
102,100,Trabzonspor,Turkish Turkcell Super Lig,1.9,1.24,60.21
103,116,Bologna,Italy Serie A,1.67,1.05,60.04
104,91,Brentford,English League Championship,1.62,1.01,59.94
105,114,Sampdoria,Italy Serie A,1.73,1.11,59.93
106,105,AZ,Dutch Eredivisie,1.88,1.24,59.87
107,108,Norwich City,English League Championship,1.66,1.05,59.81
108,124,São Paulo,Brasileiro Série A,1.42,0.85,59.6
109,107,Elche,Spanish Primera Division,1.58,0.99,59.54
110,99,Basel,Swiss Raiffeisen Super League,1.85,1.24,59.36
111,122,Arminia Bielefeld,German Bundesliga,1.55,0.97,59.35
112,129,Feyenoord,Dutch Eredivisie,1.93,1.31,59.25
113,123,Internacional,Brasileiro Série A,1.39,0.83,59.18
114,96,Mainz,German Bundesliga,1.8,1.21,59.02
115,117,Atletico Mineiro,Brasileiro Série A,1.63,1.06,58.86
116,113,Verona,Italy Serie A,1.56,1.01,58.65
117,106,Galatasaray,Turkish Turkcell Super Lig,1.66,1.11,58.41
118,127,Shanghai SIPG,Chinese Super League,1.69,1.13,58.37
119,128,Beijing Guoan,Chinese Super League,1.76,1.21,58.34
120,126,West Bromwich Albion,Barclays Premier League,1.61,1.07,58.34
121,137,Nice,French Ligue 1,1.57,1.04,58.12
122,118,Angers,French Ligue 1,1.48,0.97,57.87
123,131,Strasbourg,French Ligue 1,1.53,1.02,57.67
124,120,Nantes,French Ligue 1,1.49,0.99,57.67
125,139,Tigres UANL,Mexican Primera Division Torneo Apertura,1.54,1.03,57.63
126,133,Torino,Italy Serie A,1.64,1.13,57.44
127,152,Rapid Vienna,Austrian T-Mobile Bundesliga,1.78,1.27,57.37
128,132,Bodo/Glimt,Norwegian Tippeligaen,2.16,1.63,57.09
129,130,FC Midtjylland,Danish SAS-Ligaen,1.64,1.16,56.91
130,147,Metz,French Ligue 1,1.43,0.96,56.9
131,125,Schalke 04,German Bundesliga,1.64,1.16,56.75
132,143,Brest,French Ligue 1,1.62,1.15,56.66
133,138,LASK Linz,Austrian T-Mobile Bundesliga,1.65,1.2,55.91
134,146,Cruz Azul,Mexican Primera Division Torneo Apertura,1.61,1.17,55.88
135,177,Malmo FF,Swedish Allsvenskan,1.63,1.19,55.76
136,134,Sporting de Charleroi,Belgian Jupiler League,1.53,1.1,55.64
137,148,Nimes,French Ligue 1,1.51,1.08,55.62
138,145,Santos,Brasileiro Série A,1.4,0.98,55.61
139,142,Parma,Italy Serie A,1.62,1.19,55.51
140,150,Cagliari,Italy Serie A,1.57,1.15,55.47
141,141,St Etienne,French Ligue 1,1.43,1.02,55.34
142,164,KAA Gent,Belgian Jupiler League,1.68,1.28,54.91
143,135,Genoa,Italy Serie A,1.63,1.23,54.87
144,176,Alanyaspor,Turkish Turkcell Super Lig,1.58,1.19,54.73
145,154,León,Mexican Primera Division Torneo Apertura,1.52,1.14,54.72
146,151,Benevento,Italy Serie A,1.54,1.16,54.58
147,149,Reims,French Ligue 1,1.37,1.0,54.42
148,156,Guimaraes,Portuguese Liga,1.37,1.0,54.36
149,153,FC Copenhagen,Danish SAS-Ligaen,1.67,1.29,54.34
150,136,Anderlecht,Belgian Jupiler League,1.59,1.22,54.2
151,121,Besiktas,Turkish Turkcell Super Lig,1.68,1.32,53.91
152,158,Fenerbahce,Turkish Turkcell Super Lig,1.55,1.21,53.59
153,159,Monterrey,Mexican Primera Division Torneo Apertura,1.58,1.24,53.57
154,161,Stoke City,English League Championship,1.42,1.08,53.49
155,162,Velez Sarsfield,Argentina Primera Division,1.22,0.9,53.34
156,168,Swansea City,English League Championship,1.44,1.11,53.33
157,178,Vitesse,Dutch Eredivisie,1.66,1.34,53.1
158,157,Rio Ave,Portuguese Liga,1.37,1.06,52.95
159,172,Standard Liege,Belgian Jupiler League,1.47,1.17,52.6
160,181,Sochi,Russian Premier Liga,1.45,1.15,52.53
161,166,Atlético Paranaense,Brasileiro Série A,1.22,0.93,52.51
162,173,Blackburn,English League Championship,1.48,1.2,52.33
163,165,Istanbul Basaksehir,Turkish Turkcell Super Lig,1.46,1.18,52.07
164,174,Crotone,Italy Serie A,1.46,1.19,51.99
165,160,Los Angeles FC,Major League Soccer,1.81,1.53,51.99
166,182,Dinamo Moscow,Russian Premier Liga,1.13,0.87,51.91
167,175,Defensa y Justicia,Argentina Primera Division,1.28,1.02,51.81
168,189,FC Utrecht,Dutch Eredivisie,1.69,1.43,51.77
169,179,Molde,Norwegian Tippeligaen,1.84,1.59,51.35
170,180,Jiangsu Suning FC,Chinese Super League,1.5,1.26,51.28
171,163,Spezia,Italy Serie A,1.43,1.2,51.06
172,185,Santos Laguna,Mexican Primera Division Torneo Apertura,1.45,1.22,50.97
173,171,Lorient,French Ligue 1,1.46,1.24,50.69
174,209,Preston North End,English League Championship,1.36,1.15,50.69
175,186,Pachuca,Mexican Primera Division Torneo Apertura,1.3,1.09,50.68
176,188,Fluminense,Brasileiro Série A,1.27,1.06,50.63
177,190,Brondby,Danish SAS-Ligaen,1.51,1.3,50.45
178,195,Bristol City,English League Championship,1.42,1.22,50.27
179,203,Antwerp,Belgian Jupiler League,1.5,1.31,50.16
180,193,Club América,Mexican Primera Division Torneo Apertura,1.48,1.3,49.86
181,194,Shandong Luneng,Chinese Super League,1.6,1.43,49.81
182,200,Rubin Kazan,Russian Premier Liga,1.2,1.02,49.77
183,191,Rostov,Russian Premier Liga,1.35,1.19,49.6
184,192,Cardiff City,English League Championship,1.35,1.19,49.58
185,197,CA Independiente,Argentina Primera Division,1.2,1.04,49.46
186,196,Corinthians,Brasileiro Série A,1.26,1.1,49.41
187,204,St Gallen,Swiss Raiffeisen Super League,1.61,1.46,49.36
188,184,Genk,Belgian Jupiler League,1.62,1.47,49.24
189,208,Hamburg SV,German 2. Bundesliga,1.58,1.44,49.06
190,210,Seattle Sounders FC,Major League Soccer,1.53,1.4,48.94
191,206,Toronto FC,Major League Soccer,1.55,1.42,48.88
192,169,Wolfsberger AC,Austrian T-Mobile Bundesliga,1.57,1.44,48.83
193,214,AGF Aarhus,Danish SAS-Ligaen,1.55,1.43,48.66
194,201,Newell's Old Boys,Argentina Primera Division,1.24,1.11,48.58
195,198,Fortuna Düsseldorf,German 2. Bundesliga,1.5,1.39,48.51
196,205,Racing Club,Argentina Primera Division,1.18,1.06,48.4
197,220,Rosenborg,Norwegian Tippeligaen,1.62,1.51,48.39
198,199,Vasco da Gama,Brasileiro Série A,1.26,1.15,48.06
199,212,Fortaleza,Brasileiro Série A,1.15,1.04,48.05
200,211,Bahía,Brasileiro Série A,1.31,1.21,47.94
201,221,Bragantino,Brasileiro Série A,1.31,1.23,47.6
202,213,Guadalajara,Mexican Primera Division Torneo Apertura,1.28,1.2,47.6
203,215,Panathinaikos,Greek Super League,1.08,0.98,47.54
204,202,Dijon FCO,French Ligue 1,1.32,1.25,47.42
205,207,FC Arsenal Tula,Russian Premier Liga,1.38,1.31,47.36
206,218,Middlesbrough,English League Championship,1.32,1.25,47.34
207,228,Huddersfield Town,English League Championship,1.26,1.19,47.18
208,219,Santa Clara,Portuguese Liga,1.26,1.19,47.13
209,222,New York City FC,Major League Soccer,1.4,1.34,47.09
210,226,Reading,English League Championship,1.26,1.2,46.93
211,227,Ceará,Brasileiro Série A,1.24,1.19,46.75
212,216,Philadelphia Union,Major League Soccer,1.41,1.37,46.75
213,217,Millwall,English League Championship,1.26,1.21,46.65
214,223,Toulouse,French Ligue 2,1.38,1.36,46.21
215,225,Yokohama F. Marinos,Japanese J League,1.62,1.62,46.1
216,232,Queens Park Rangers,English League Championship,1.41,1.4,46.05
217,229,Morelia,Mexican Primera Division Torneo Clausura,1.43,1.42,46.04
218,231,Lanus,Argentina Primera Division,1.28,1.27,45.68
219,224,Sheffield Wednesday,English League Championship,1.24,1.24,45.56
220,251,FC Nordsjaelland,Danish SAS-Ligaen,1.51,1.54,45.2
221,245,Hannover 96,German 2. Bundesliga,1.37,1.4,44.98
222,233,Barnsley,English League Championship,1.19,1.21,44.84
223,234,Talleres de Córdoba,Argentina Primera Division,1.21,1.23,44.82
224,236,Birmingham,English League Championship,1.25,1.29,44.6
225,248,Famalicao,Portuguese Liga,1.27,1.32,44.3
226,239,Portimonense,Portuguese Liga,1.18,1.23,44.16
227,242,Pumas Unam,Mexican Primera Division Torneo Apertura,1.28,1.35,44.14
228,240,Pacos Ferreira,Portuguese Liga,1.23,1.29,44.11
229,247,Nottingham Forest,English League Championship,1.23,1.29,44.1
230,274,Terek Grozny,Russian Premier Liga,1.16,1.21,44.01
231,249,Aris Salonika,Greek Super League,1.32,1.4,43.8
232,243,Gil Vicente,Portuguese Liga,1.18,1.25,43.78
233,241,Sivasspor,Turkish Turkcell Super Lig,1.27,1.35,43.77
234,253,Atlético Goianiense,Brasileiro Série A,1.17,1.23,43.76
235,244,FC Lugano,Swiss Raiffeisen Super League,1.36,1.46,43.67
236,252,Columbus Crew,Major League Soccer,1.24,1.33,43.58
237,268,Botafogo,Brasileiro Série A,1.18,1.27,43.39
238,256,Derby County,English League Championship,1.27,1.38,43.12
239,255,Sport Recife,Brasileiro Série A,1.16,1.26,43.11
240,289,SC Farense,Portuguese Liga,1.27,1.38,43.05
241,267,Inter Miami CF,Major League Soccer,1.32,1.45,42.93
242,258,Argentinos Juniors,Argentina Primera Division,1.0,1.08,42.87
243,261,Tijuana,Mexican Primera Division Torneo Apertura,1.21,1.32,42.85
244,275,Rayo Vallecano,Spanish Segunda Division,1.32,1.45,42.79
245,246,Willem II,Dutch Eredivisie,1.41,1.56,42.78
246,260,Rosario Central,Argentina Primera Division,1.15,1.27,42.73
247,250,Amiens,French Ligue 2,1.14,1.26,42.7
248,265,Monza,Italy Serie B,1.29,1.43,42.67
249,264,Estudiantes,Argentina Primera Division,1.0,1.1,42.6
250,257,IFK Norrkoping,Swedish Allsvenskan,1.54,1.7,42.6
251,282,Maritimo,Portuguese Liga,1.19,1.31,42.48
252,259,Moreirense,Portuguese Liga,1.2,1.33,42.44
253,277,FK Austria Vienna,Austrian T-Mobile Bundesliga,1.29,1.43,42.41
254,276,Chicago Fire,Major League Soccer,1.46,1.63,42.23
255,271,C.D. Nacional,Portuguese Liga,1.23,1.38,42.22
256,285,Kasimpasa,Turkish Turkcell Super Lig,1.28,1.44,42.15
257,270,FC Tambov,Russian Premier Liga,1.13,1.27,42.14
258,296,Mallorca,Spanish Segunda Division,1.1,1.24,41.98
259,237,Ural Sverdlovsk Oblast,Russian Premier Liga,1.13,1.28,41.94
260,284,FC Groningen,Dutch Eredivisie,1.12,1.26,41.88
261,300,Luton Town,English League Championship,1.16,1.31,41.84
262,278,Arsenal Sarandi,Argentina Primera Division,1.28,1.45,41.78
263,333,Konyaspor,Turkish Turkcell Super Lig,1.2,1.36,41.66
264,291,Orlando City SC,Major League Soccer,1.34,1.53,41.64
265,287,Sporting Kansas City,Major League Soccer,1.38,1.58,41.62
266,254,Tondela,Portuguese Liga,1.17,1.34,41.57
267,320,New England Revolution,Major League Soccer,1.25,1.44,41.5
268,281,Tianjin Teda,Chinese Super League,1.28,1.47,41.44
269,272,Cerezo Osaka,Japanese J League,1.09,1.26,41.41
270,283,Colorado Rapids,Major League Soccer,1.43,1.64,41.4
271,335,SK Sturm Graz,Austrian T-Mobile Bundesliga,1.26,1.45,41.37
272,266,Djurgardens IF,Swedish Allsvenskan,1.2,1.38,41.33
273,262,Los Angeles Galaxy,Major League Soccer,1.46,1.68,41.3
274,286,Atlético Tucumán,Argentina Primera Division,1.07,1.24,41.23
275,269,Arizona United,United Soccer League,1.6,1.85,41.12
276,293,Goztepe,Turkish Turkcell Super Lig,1.28,1.49,41.03
277,273,Heerenveen,Dutch Eredivisie,1.44,1.68,40.98
278,297,Servette,Swiss Raiffeisen Super League,1.31,1.53,40.97
279,290,San Lorenzo,Argentina Primera Division,1.14,1.33,40.96
280,292,Querétaro,Mexican Primera Division Torneo Apertura,1.22,1.43,40.82
281,279,Heracles,Dutch Eredivisie,1.31,1.54,40.7
282,306,Hammarby,Swedish Allsvenskan,1.48,1.74,40.54
283,288,BK Hacken,Swedish Allsvenskan,1.18,1.4,40.54
284,263,AaB,Danish SAS-Ligaen,1.14,1.36,40.54
285,298,Gazisehir Gaziantep,Turkish Turkcell Super Lig,1.27,1.5,40.52
286,235,Kashima Antlers,Japanese J League,1.22,1.44,40.49
287,312,Goiás,Brasileiro Série A,1.23,1.46,40.47
288,301,FC Luzern,Swiss Raiffeisen Super League,1.34,1.59,40.46
289,299,Patronato,Argentina Primera Division,1.2,1.43,40.35
290,295,Hull City,English League One,1.21,1.45,40.33
291,325,Vissel Kobe,Japanese J League,1.48,1.76,40.32
292,302,Gimnasia La Plata,Argentina Primera Division,0.98,1.17,40.3
293,340,Atlanta United FC,Major League Soccer,1.22,1.45,40.27
294,309,Boavista,Portuguese Liga,1.08,1.3,40.13
295,304,Belenenses,Portuguese Liga,1.02,1.24,39.97
296,353,St. Pölten,Austrian T-Mobile Bundesliga,1.31,1.58,39.95
297,323,Sanfrecce Hiroshima,Japanese J League,1.12,1.35,39.89
298,308,PEC Zwolle,Dutch Eredivisie,1.35,1.63,39.83
299,303,Antalyaspor,Turkish Turkcell Super Lig,1.13,1.37,39.73
300,305,Coventry City,English League Championship,1.18,1.43,39.69
301,311,Banfield,Argentina Primera Division,0.98,1.2,39.66
302,307,Rotherham United,English League Championship,1.1,1.36,39.3
303,315,FC Ufa,Russian Premier Liga,0.9,1.11,39.23
304,318,Union Santa Fe,Argentina Primera Division,1.0,1.25,39.16
305,314,Minnesota United FC,Major League Soccer,1.33,1.64,39.16
306,310,Leganes,Spanish Segunda Division,1.13,1.41,39.08
307,332,New York Red Bulls,Major League Soccer,1.3,1.61,39.07
308,321,Asteras Tripolis,Greek Super League,1.04,1.3,39.02
309,324,Necaxa,Mexican Primera Division Torneo Apertura,1.08,1.35,39.01
310,280,FC Tokyo,Japanese J League,1.13,1.42,38.95
311,316,FC Dallas,Major League Soccer,1.28,1.59,38.93
312,313,SC Paderborn,German 2. Bundesliga,1.24,1.54,38.92
313,343,Sporting Gijón,Spanish Segunda Division,0.9,1.14,38.75
314,322,FC Juárez,Mexican Primera Division Torneo Apertura,1.09,1.37,38.7
315,326,Shanghai Greenland,Chinese Super League,1.34,1.68,38.68
316,329,Portland Timbers,Major League Soccer,1.4,1.75,38.67
317,294,Coritiba,Brasileiro Série A,1.03,1.31,38.63
318,387,Lausanne Sports,Swiss Raiffeisen Super League,1.22,1.54,38.56
319,330,Henan Jianye,Chinese Super League,1.25,1.57,38.55
320,373,Gamba Osaka,Japanese J League,1.2,1.52,38.48
321,317,Brescia,Italy Serie B,1.21,1.53,38.33
322,336,KV Kortrijk,Belgian Jupiler League,1.15,1.47,38.33
323,344,Kashiwa Reysol,Japanese J League,1.26,1.61,38.3
324,341,Almeria,Spanish Segunda Division,1.06,1.36,38.24
325,337,Hebei China Fortune FC,Chinese Super League,1.29,1.65,38.14
326,338,Mamelodi Sundowns,South African ABSA Premier League,0.98,1.26,38.09
327,342,Huracán,Argentina Primera Division,0.95,1.24,37.93
328,319,Girona FC,Spanish Segunda Division,1.0,1.31,37.87
329,339,FC Twente,Dutch Eredivisie,1.23,1.59,37.86
330,347,Troyes,French Ligue 2,0.99,1.29,37.82
331,354,FC Sion,Swiss Raiffeisen Super League,1.07,1.4,37.67
332,345,Wuhan Zall,Chinese Super League,1.17,1.53,37.62
333,334,Spal,Italy Serie B,1.16,1.52,37.6
334,359,Sparta,Dutch Eredivisie,1.32,1.72,37.38
335,349,Toluca,Mexican Primera Division Torneo Apertura,1.22,1.6,37.36
336,365,Fuenlabrada,Spanish Segunda Division,1.0,1.33,37.33
337,360,Caen,French Ligue 2,1.0,1.33,37.3
338,328,Atlético San Luis,Mexican Primera Division Torneo Apertura,1.12,1.49,37.27
339,350,Atromitos,Greek Super League,1.0,1.33,37.25
340,371,FC Khimki,Russian Premier Liga,1.17,1.54,37.25
341,352,Central Córdoba Santiago del Estero,Argentina Primera Division,1.0,1.34,37.16
342,331,KV Mechelen,Belgian Jupiler League,1.24,1.64,37.1
343,351,Atlas,Mexican Primera Division Torneo Apertura,0.99,1.33,37.0
344,327,Odense BK,Danish SAS-Ligaen,1.17,1.56,36.9
345,370,1. FC Nürnberg,German 2. Bundesliga,1.12,1.51,36.72
346,358,Dalian Aerbin,Chinese Super League,1.29,1.73,36.66
347,346,Hartberg,Austrian T-Mobile Bundesliga,1.34,1.78,36.57
348,366,Las Palmas,Spanish Segunda Division,1.08,1.47,36.56
349,362,Kaizer Chiefs,South African ABSA Premier League,1.01,1.39,36.44
350,379,Holstein Kiel,German 2. Bundesliga,1.2,1.62,36.42
351,348,FK Volgograd,Russian Premier Liga,1.04,1.43,36.3
352,356,Randers FC,Danish SAS-Ligaen,1.13,1.55,36.23
353,357,Houston Dynamo,Major League Soccer,1.25,1.7,36.23
354,400,Cercle Brugge,Belgian Jupiler League,1.13,1.55,36.22
355,388,Clermont Foot,French Ligue 2,0.93,1.3,36.19
356,374,Fatih Karagümrük,Turkish Turkcell Super Lig,1.12,1.55,35.96
357,368,Nagoya Grampus Eight,Japanese J League,1.07,1.49,35.79
358,378,Real Salt Lake,Major League Soccer,1.08,1.5,35.77
359,369,Puebla,Mexican Primera Division Torneo Apertura,1.05,1.46,35.75
360,364,Sunderland,English League One,1.0,1.4,35.74
361,421,KV Oostende,Belgian Jupiler League,1.13,1.58,35.73
362,361,Guingamp,French Ligue 2,1.06,1.49,35.55
363,394,SV Zulte Waregem,Belgian Jupiler League,1.24,1.72,35.45
364,380,Melbourne City,Australian A-League,1.17,1.64,35.39
365,383,Sydney FC,Australian A-League,1.12,1.58,35.2
366,355,SV Sandhausen,German 2. Bundesliga,1.16,1.64,35.19
367,384,SV Darmstadt 98,German 2. Bundesliga,1.1,1.57,35.15
368,395,OH Leuven,Belgian Jupiler League,1.16,1.64,35.09
369,389,OFI Crete,Greek Super League,1.06,1.52,34.85
370,363,KFCO Beerschot-Wilrijk,Belgian Jupiler League,1.23,1.75,34.8
371,392,Chongqing Lifan,Chinese Super League,1.08,1.56,34.78
372,399,Caykur Rizespor,Turkish Turkcell Super Lig,1.07,1.55,34.67
373,375,Hibernian,Scottish Premiership,1.13,1.63,34.61
374,410,AIK,Swedish Allsvenskan,0.95,1.4,34.51
375,391,1. FC Heidenheim 1846,German 2. Bundesliga,1.05,1.54,34.43
376,397,Eupen,Belgian Jupiler League,1.08,1.59,34.21
377,390,Odd BK,Norwegian Tippeligaen,1.28,1.86,34.0
378,377,SV Ried,Austrian T-Mobile Bundesliga,1.15,1.69,34.0
379,401,Emmen,Dutch Eredivisie,1.2,1.76,33.78
380,398,Kristiansund BK,Norwegian Tippeligaen,1.28,1.86,33.76
381,402,Guangzhou RF,Chinese Super League,1.44,2.07,33.73
382,403,Orlando Pirates,South African ABSA Premier League,0.98,1.48,33.73
383,425,Vejle,Danish SAS-Ligaen,1.12,1.67,33.63
384,407,Aldosivi,Argentina Primera Division,0.86,1.33,33.63
385,437,Aberdeen,Scottish Premiership,1.0,1.51,33.55
386,408,Tianjin Quanujian,Chinese Super League,1.16,1.73,33.51
387,393,IF Elfsborg,Swedish Allsvenskan,1.16,1.73,33.42
388,405,Viking FK,Norwegian Tippeligaen,1.37,2.0,33.41
389,417,Yeni Malatyaspor,Turkish Turkcell Super Lig,1.04,1.58,33.38
390,367,Hatayspor,Turkish Turkcell Super Lig,1.01,1.54,33.37
391,406,Erzurumspor,Turkish Turkcell Super Lig,1.03,1.56,33.35
392,386,Mouscron-Peruwelz,Belgian Jupiler League,0.99,1.52,33.28
393,413,Real Zaragoza,Spanish Segunda Division,1.02,1.57,33.18
394,372,FC Zurich,Swiss Raiffeisen Super League,1.22,1.83,33.05
395,427,Fortuna Sittard,Dutch Eredivisie,1.2,1.8,33.03
396,464,Auxerre,French Ligue 2,1.0,1.54,33.03
397,409,AD Alcorcon,Spanish Segunda Division,0.88,1.39,32.99
398,411,St. Truidense,Belgian Jupiler League,1.04,1.59,32.98
399,415,VfL Bochum,German 2. Bundesliga,1.04,1.61,32.93
400,376,Málaga,Spanish Segunda Division,0.76,1.23,32.93
401,436,Grenoble,French Ligue 2,0.96,1.51,32.79
402,440,ADO Den Haag,Dutch Eredivisie,1.17,1.78,32.77
403,382,Le Havre,French Ligue 2,0.91,1.44,32.76
404,412,Ipswich Town,English League One,0.97,1.51,32.73
405,434,Castellon,Spanish Segunda Division,1.0,1.56,32.73
406,438,San Jose Earthquakes,Major League Soccer,1.25,1.89,32.69
407,435,Genclerbirligi,Turkish Turkcell Super Lig,0.94,1.49,32.68
408,418,Shenzhen FC,Chinese Super League,1.19,1.81,32.64
409,465,SD Ponferradina,Spanish Segunda Division,0.91,1.45,32.62
410,381,Cashpoint SC Rheindorf Altach,Austrian T-Mobile Bundesliga,1.06,1.64,32.55
411,430,Karlsruher SC,German 2. Bundesliga,1.02,1.6,32.36
412,404,Wycombe Wanderers,English League Championship,1.03,1.62,32.3
413,460,Paris FC,French Ligue 2,0.95,1.52,32.21
414,396,Tenerife,Spanish Segunda Division,0.91,1.47,32.2
415,429,Valerenga,Norwegian Tippeligaen,1.12,1.75,32.14
416,420,SpVgg Greuther Fürth,German 2. Bundesliga,1.03,1.63,32.04
417,457,Sonderjyske,Danish SAS-Ligaen,1.09,1.73,31.92
418,423,Perth Glory,Australian A-League,1.09,1.72,31.9
419,426,Newcastle Jets,Australian A-League,1.11,1.76,31.86
420,416,Real Oviedo,Spanish Segunda Division,0.87,1.43,31.77
421,446,Kayserispor,Turkish Turkcell Super Lig,1.07,1.71,31.65
422,414,VVV Venlo,Dutch Eredivisie,1.12,1.78,31.62
423,424,FC Vaduz,Swiss Raiffeisen Super League,0.96,1.58,31.26
424,422,VfL Osnabruck,German 2. Bundesliga,1.03,1.68,31.19
425,431,Louisville City FC,United Soccer League,1.05,1.72,31.1
426,455,Lecce,Italy Serie B,0.99,1.63,31.09
427,441,Mirandes,Spanish Segunda Division,0.94,1.58,31.03
428,419,Valenciennes,French Ligue 2,0.8,1.38,30.99
429,428,Empoli,Italy Serie B,1.0,1.66,30.83
430,463,IK Sirius,Swedish Allsvenskan,1.17,1.89,30.76
431,432,Nashville SC,Major League Soccer,0.88,1.5,30.72
432,433,Pittsburgh Riverhounds,United Soccer League,0.96,1.62,30.51
433,470,FC St. Pauli,German 2. Bundesliga,1.06,1.77,30.39
434,445,Jahn Regensburg,German 2. Bundesliga,1.01,1.7,30.38
435,447,FC Cartagena,Spanish Segunda Division,0.95,1.62,30.34
436,439,Reno 1868 FC,United Soccer League,1.24,2.02,30.22
437,450,Wellington Phoenix,Australian A-League,1.1,1.83,30.17
438,452,Panetolikos,Greek Super League,0.86,1.51,30.07
439,453,San Antonio FC,United Soccer League,1.13,1.88,30.01
440,454,Colon Santa Fe,Argentina Primera Division,0.83,1.48,29.95
441,456,Kilmarnock,Scottish Premiership,0.94,1.63,29.91
442,461,Mazatlán FC,Mexican Primera Division Torneo Apertura,0.94,1.63,29.87
443,458,Erzgebirge Aue,German 2. Bundesliga,0.95,1.65,29.85
444,468,Sochaux,French Ligue 2,0.89,1.56,29.84
445,451,Logrones,Spanish Segunda Division,0.94,1.64,29.82
446,448,Ankaragucu,Turkish Turkcell Super Lig,0.89,1.56,29.79
447,443,CD Sabadell,Spanish Segunda Division,0.92,1.61,29.79
448,459,Godoy Cruz,Argentina Primera Division,0.94,1.64,29.76
449,462,SuperSport United,South African ABSA Premier League,0.81,1.46,29.64
450,466,Adelaide United,Australian A-League,1.22,2.05,29.37
451,444,WSG Swarovski Wattens,Austrian T-Mobile Bundesliga,1.02,1.78,29.13
452,467,RKC,Dutch Eredivisie,1.04,1.82,29.1
453,478,Livingston,Scottish Premiership,0.98,1.74,29.05
454,482,Peterborough United,English League One,1.01,1.78,28.98
455,477,Frosinone,Italy Serie B,0.86,1.58,28.88
456,487,AC Horsens,Danish SAS-Ligaen,0.95,1.72,28.79
457,442,Lugo,Spanish Segunda Division,0.86,1.58,28.77
458,472,AS Nancy Lorraine,French Ligue 2,0.77,1.45,28.73
459,471,Denizlispor,Turkish Turkcell Super Lig,0.82,1.53,28.56
460,476,Bidvest Wits,South African ABSA Premier League,0.74,1.44,28.42
461,505,FC Trenkwalder Admira,Austrian T-Mobile Bundesliga,1.05,1.88,28.3
462,480,Larissa,Greek Super League,0.7,1.38,28.18
463,479,Albacete,Spanish Segunda Division,0.74,1.45,28.17
464,481,IFK Goteborg,Swedish Allsvenskan,0.9,1.68,28.1
465,475,Montreal Impact,Major League Soccer,1.06,1.91,28.07
466,449,AC Ajaccio,French Ligue 2,0.8,1.54,27.95
467,494,Orebro SK,Swedish Allsvenskan,0.98,1.81,27.79
468,469,Urawa Red Diamonds,Japanese J League,0.96,1.79,27.67
469,503,Cittadella,Italy Serie B,0.88,1.67,27.6
470,484,Lamia,Greek Super League,0.55,1.18,27.53
471,485,Dunkerque,French Ligue 2,0.82,1.6,27.42
472,473,Tampa Bay Rowdies,United Soccer League,0.85,1.65,27.41
473,515,Oita Trinita,Japanese J League,0.78,1.55,27.36
474,486,Oxford United,English League One,0.93,1.77,27.35
475,489,Chievo Verona,Italy Serie B,0.83,1.63,27.12
476,491,Guizhou Renhe,Chinese Super League,0.94,1.82,26.81
477,492,Western Sydney FC,Australian A-League,1.07,2.0,26.8
478,483,Motherwell,Scottish Premiership,0.84,1.67,26.72
479,496,Melbourne Victory,Australian A-League,1.07,2.01,26.6
480,528,Sarpsborg,Norwegian Tippeligaen,0.8,1.62,26.42
481,510,Chateauroux,French Ligue 2,0.76,1.58,26.36
482,498,Western United,Australian A-League,1.02,1.96,26.35
483,490,Doncaster Rovers,English League One,0.86,1.74,26.21
484,500,Brisbane Roar,Australian A-League,0.91,1.81,26.16
485,508,Waasland-Beveren,Belgian Jupiler League,1.06,2.04,25.98
486,497,Eintracht Braunschweig,German 2. Bundesliga,0.86,1.74,25.94
487,504,Mjallby,Swedish Allsvenskan,0.97,1.92,25.91
488,507,Östersunds FK,Swedish Allsvenskan,0.74,1.57,25.87
489,488,Niort,French Ligue 2,0.82,1.69,25.86
490,506,FC Xanthi,Greek Super League,0.58,1.33,25.81
491,513,Würzburger Kickers,German 2. Bundesliga,0.86,1.78,25.4
492,509,Consadole Sapporo,Japanese J League,0.96,1.94,25.25
493,517,Reggina,Italy Serie B,0.86,1.8,25.25
494,502,Lyngby,Danish SAS-Ligaen,0.84,1.77,25.19
495,511,Salford City,English League Two,0.85,1.79,25.06
496,516,Wigan,English League One,0.88,1.84,24.94
497,512,Chambly Thelle FC,French Ligue 2,0.8,1.73,24.83
498,520,Stromsgodset,Norwegian Tippeligaen,1.03,2.07,24.82
499,493,Stabaek,Norwegian Tippeligaen,0.89,1.87,24.77
500,495,Charlton Athletic,English League One,0.83,1.78,24.67
501,518,FC Cincinnati,Major League Soccer,0.78,1.7,24.63
502,499,Rodez,French Ligue 2,0.79,1.72,24.57
503,474,DC United,Major League Soccer,0.82,1.78,24.56
504,524,Sacramento Republic FC,United Soccer League,0.85,1.84,24.35
505,534,Portsmouth,English League One,0.78,1.72,24.34
506,521,Black Aces,South African ABSA Premier League,0.81,1.78,24.28
507,501,Haugesund,Norwegian Tippeligaen,0.94,1.99,24.18
508,522,Maritzburg Utd,South African ABSA Premier League,0.56,1.39,24.05
509,523,Salernitana,Italy Serie B,0.8,1.79,24.01
510,539,Sagan Tosu,Japanese J League,0.75,1.71,23.86
511,549,Lincoln City,English League One,0.84,1.85,23.83
512,514,Cremonese,Italy Serie B,0.72,1.67,23.77
513,526,SK Brann,Norwegian Tippeligaen,0.81,1.82,23.56
514,527,Pordenone Calcio,Italy Serie B,0.72,1.7,23.44
515,519,Helsingborgs IF,Swedish Allsvenskan,0.87,1.95,23.27
516,525,Virtus Entella,Italy Serie B,0.74,1.74,23.16
517,536,Cosenza,Italy Serie B,0.74,1.75,23.04
518,532,Pau,French Ligue 2,0.72,1.72,22.86
519,533,Gillingham,English League One,0.72,1.74,22.69
520,540,Vegalta Sendai,Japanese J League,0.83,1.93,22.66
521,531,Shimizu S-Pulse,Japanese J League,0.97,2.14,22.58
522,561,El Paso Locomotive FC,United Soccer League,0.7,1.71,22.58
523,541,New Mexico United,United Soccer League,0.84,1.95,22.57
524,530,F.B.C Unione Venezia,Italy Serie B,0.7,1.72,22.51
525,538,Bloem Celtic,South African ABSA Premier League,0.8,1.9,22.37
526,535,Dundee Utd,Scottish Premiership,0.76,1.85,22.1
527,548,Orange County SC,United Soccer League,0.77,1.88,21.91
528,557,Charleston Battery,United Soccer League,0.78,1.89,21.88
529,546,Panionios,Greek Super League,0.51,1.45,21.84
530,545,Pisa,Italy Serie B,0.71,1.8,21.75
531,547,US Pescara,Italy Serie B,0.68,1.78,21.26
532,553,Volos NFC,Greek Super League,0.65,1.73,21.22
533,544,Swindon Town,English League One,0.83,2.02,21.19
534,542,Fleetwood Town,English League One,0.73,1.87,21.19
535,556,Hamilton Academical,Scottish Premiership,0.76,1.91,21.12
536,567,San Diego Loyal SC,United Soccer League,0.7,1.82,21.09
537,550,Vancouver Whitecaps,Major League Soccer,0.88,2.11,21.09
538,529,Austin Bold FC,United Soccer League,0.92,2.19,20.99
539,543,Ascoli,Italy Serie B,0.76,1.92,20.96
540,552,Vicenza,Italy Serie B,0.71,1.86,20.89
541,551,Varbergs BoIS FC,Swedish Allsvenskan,0.78,1.97,20.87
542,554,Blackpool,English League One,0.72,1.88,20.72
543,560,Reggiana,Italy Serie B,0.74,1.92,20.57
544,537,Indy Eleven,United Soccer League,0.68,1.84,20.5
545,555,Birmingham Legion FC,United Soccer League,0.79,2.07,19.73
546,566,Sandefjord,Norwegian Tippeligaen,0.66,1.87,19.51
547,562,Burton Albion,English League One,0.87,2.24,19.32
548,563,St Johnstone,Scottish Premiership,0.54,1.68,19.31
549,565,St Mirren,Scottish Premiership,0.58,1.76,19.13
550,580,IK Start,Norwegian Tippeligaen,0.73,2.03,19.0
551,559,Yokohama FC,Japanese J League,0.73,2.03,18.96
552,568,Highlands Park FC,South African ABSA Premier League,0.57,1.75,18.95
553,569,Milton Keynes Dons,English League One,0.64,1.89,18.81
554,571,Saint Louis FC,United Soccer League,0.69,1.98,18.68
555,558,Ross County,Scottish Premiership,0.64,1.93,18.33
556,582,Miami FC,United Soccer League,0.81,2.26,17.9
557,577,Cheltenham Town,English League Two,0.58,1.85,17.89
558,564,Kalmar FF,Swedish Allsvenskan,0.66,2.02,17.69
559,576,Charlotte Independence,United Soccer League,0.69,2.08,17.42
560,573,Central Coast Mariners,Australian A-League,0.78,2.26,17.34
561,574,Shrewsbury Town,English League One,0.55,1.85,17.31
562,578,Colchester United,English League Two,0.61,1.97,17.15
563,575,Golden Arrows,South African ABSA Premier League,0.43,1.63,17.14
564,572,Shonan Bellmare,Japanese J League,0.56,1.9,16.96
565,584,LA Galaxy II,United Soccer League,0.85,2.41,16.95
566,581,North Carolina FC,United Soccer League,0.65,2.09,16.69
567,570,Falkenbergs FF,Swedish Allsvenskan,0.68,2.13,16.64
568,579,Plymouth Argyle,English League One,0.64,2.07,16.51
569,585,Accrington Stanley,English League One,0.64,2.09,16.29
570,588,Oldham Athletic,English League Two,0.74,2.32,15.84
571,589,Exeter City,English League Two,0.61,2.1,15.68
572,586,Polokwane City FC,South African ABSA Premier League,0.47,1.84,15.52
573,595,Memphis 901 FC,United Soccer League,0.74,2.37,15.25
574,591,Bolton,English League Two,0.57,2.1,14.86
575,603,Tulsa Roughnecks,United Soccer League,0.59,2.14,14.85
576,597,Bristol Rovers,English League One,0.53,2.04,14.75
577,590,Aalesund,Norwegian Tippeligaen,0.79,2.53,14.57
578,587,AFC Wimbledon,English League One,0.57,2.13,14.55
579,599,Rochdale,English League One,0.56,2.12,14.39
580,598,Hartford Athletic,United Soccer League,0.71,2.46,13.97
581,596,Chippa United,South African ABSA Premier League,0.26,1.54,13.92
582,593,Mjondalen,Norwegian Tippeligaen,0.55,2.17,13.59
583,600,Bradford City,English League Two,0.49,2.07,13.58
584,601,AmaZulu,South African ABSA Premier League,0.31,1.68,13.48
585,592,Northampton Town,English League One,0.51,2.13,13.36
586,604,Crewe Alexandra,English League One,0.46,2.03,13.34
587,583,Real Monarchs SLC,United Soccer League,0.56,2.22,13.33
588,606,Las Vegas Lights FC,United Soccer League,0.67,2.44,13.32
589,602,Mansfield Town,English League Two,0.56,2.26,12.9
590,607,Baroka FC,South African ABSA Premier League,0.24,1.57,12.84
591,612,Tacoma Defiance,United Soccer League,0.65,2.49,12.51
592,594,Portland Timbers 2,United Soccer League,0.79,2.78,12.37
593,611,Stellenbosch FC,South African ABSA Premier League,0.35,1.89,12.29
594,609,Crawley Town,English League Two,0.46,2.14,12.14
595,605,Leyton Orient,English League Two,0.5,2.24,12.14
596,608,Port Vale,English League Two,0.37,1.99,11.77
597,614,Black Leopards,South African ABSA Premier League,0.39,2.03,11.75
598,619,Swope Park Rangers,United Soccer League,0.62,2.56,11.56
599,610,Colorado Springs Switchbacks FC,United Soccer League,0.47,2.27,11.15
600,613,New York Red Bulls II,United Soccer League,0.7,2.79,10.89
601,621,Tranmere Rovers,English League Two,0.37,2.08,10.88
602,620,Atlanta United 2,United Soccer League,0.58,2.64,10.2
603,615,Oklahoma City Energy FC,United Soccer League,0.42,2.3,10.16
604,618,Forest Green Rovers,English League Two,0.34,2.11,10.16
605,616,Barrow,English League Two,0.38,2.23,10.02
606,628,Rio Grande Valley FC Toros,United Soccer League,0.47,2.42,10.01
607,622,Southend United,English League Two,0.41,2.32,9.71
608,617,Scunthorpe,English League Two,0.36,2.22,9.64
609,623,Walsall,English League Two,0.35,2.26,9.14
610,624,Grimsby Town,English League Two,0.35,2.29,9.0
611,627,Morecambe,English League Two,0.36,2.36,8.6
612,625,Stevenage,English League Two,0.26,2.15,8.38
613,626,Cambridge United,English League Two,0.26,2.19,8.01
614,629,Newport County,English League Two,0.21,2.1,7.8
615,630,Carlisle United,English League Two,0.24,2.26,7.35
616,631,Loudoun United FC,United Soccer League,0.34,2.65,6.51
617,632,Harrogate Town,English League Two,0.2,2.35,6.11
618,633,Bethlehem Steel FC,United Soccer League,0.41,2.99,5.78
